,Text,Text Classification,Sentiment
0,I wonder if it still works with the Belkin 3-in-1 Magsafe dock,strap,negative
1,BRO! This same thing just happened to me two weeks ago in Florida. So freaking mad about that,strap,negative
2,here I am regretting not getting SS on my 5.,strap,negative
3,"This article is bs. Heâ€™s claiming other vendors are â€œkilling itâ€ , then points out Apple has 40% market share.",strap,negative
4,"exactly, like with gaming channels, for example, want a very entry review that doesn't throw out numbers that make no sense to most people? Watch LTT, want the breakdown of actual numbers that most people don't give a shit about? Watch Gamers Nexus. For phones and everyday tech if you want a review that's palatable for almost anyone channels like MKBHD, Austin Evans and Jonathan Morrison fill that need.",strap,positive
5,In their defense tho this was the worst review video I've seen him do. Now yea they are hyper critical of negative reviews but this wasn't even a complete video review. Disappointed. ,strap,negative
6,I went with the Pride Edition Sport Loop one.,strap,negative
7,Iâ€˜d like a pint of Guinness please :),strap,positive
8,Where the hell can I find that wrist band at though!? Serious question.,strap,negative
9,Iâ€™d rather own a G-Shock,strap,negative
10,Apple should pay us to wear ecg and blood oxygen monitors not vice versa,strap,negative
11,Braided solo loop by Apple,strap,negative
12,Sport loop. Apple.,strap,negative
13,Price anchoring my dude.,strap,negative
14,I find that this opinion seems to be held exclusively by Apple fanboys.,strap,negative
15,Good 'ol crapple.,strap,negative
16,Significant bummer. My sympathies.,strap,negative
17,"1.) They were bought out and subsequently scrapped

2.) As I said, Apple is good at promoting, even when it looks like tampon strings exiting your ears",strap,positive
18,"This is why the iPad air has 64mb storage, and the next option is 256gb for $750 (cad) and the iPad Pro 128gb is $799.  Its real easy to rationalize wanting more than 64gb, but 128gb is enough and its the pro model for only $50 more than the 256gb air.

So apple gets you to spend an extra $50 for the Pro when the air is probably good enough (though to be honest face id is pretty badass.)",strap,positive
19,"Lawyers say itâ€˜s legal for private use here. If customs check it then you just have to pay the normal importing fees and a service fee and then you get the product.
Your information is incorrect. Itâ€˜s only valid for commercial use.
German source https://www.techbook.de/shop-pay/strafe-gefaelschte-artikel-bestellen",strap,negative
20,the same reason Apple Music's Replay thing is an absolute joke compared to Spotify's Wrapped.,strap,negative
21,"Worth it to me.

-	Check time
-	check notifications
-	control music
-	fitness tracking
-	check weather
-	set timers
-	and occasional respond to texts/answer calls


Also, with my leather strap, itâ€™s a good looking accessory.",strap,positive
22,Rings are my life now,strap,negative
23,The heart rate sensor is 100% fake. Put it on the box and try it.,strap,negative
24,"> The watch band fits me ok. I have it on the third hole from the end. What I really need is another hole between the second and third. I'll check into a different strap sometime.

Sport loop for sure. The velcro closure makes it much more adjustable. The solo loop and braided loop are basically sized the same way as the sport band, so you'd have to choose the smaller size. I think that they're a little more forgivable fitting than the sport band, but you still may get annoyed by how tight it is. I prefer the look of the sport band over the sport loop, but it will be easier to get the fit right.",strap,positive
25,"Thanks, I'll check out the band with velcro.",strap,negative
26,did the heart monitor work ?,strap,negative
27,"Rep Apple Watch is cool and all, but the cheap real mi band is where itâ€™s at!!",strap,negative
28,Appl,strap,negative
29,15 pounds of vegan poop being burned provides 112748.46 BTU.,strap,negative
30,I believe you can also return just the band if your inside the return window of or and get the right size one,strap,negative
31,"I like it butâ€¦I use the Modern Buckle bands and they are a true silver/shiny chrome and it wonâ€™t match. Which means buying stainlessâ€¦and Iâ€™m thinking itâ€™s not enough of an upgrade to do that yet. Current S4 silver aluminum (brushed silver, but still a better match).",strap,positive
32,One reviewer had starlight with a modern buckle and it was nice. https://youtu.be/7jcoYguxoDA,strap,negative
33,Looks like starlight is the color of the band and the watch,strap,negative
34,"Iâ€™m the same way about â€œmixing metalsâ€, different lug colours bother me ðŸ˜… Could always try a third party Milanese in starlight? I just ordered a starlight metal link band off Amazon..definitely plan on trying starlight out with black.. I didnâ€™t find it looked bad in the watch studio, but I feel like watches and colour combos are definitely personal preference",strap,positive
35,i have a fenix 6 sapp and the gps accuracy really sucks.,strap,negative
36,">**Good quality GPS: -8pts**  
â€¦this is an algorithm problem, because after parsing FIT file in Google Maps, you get correct distance. Strava can fix it in one click for free.â€¦

What is this one click you speak of? Or is it automatic?",strap,negative
37,One of the most annoying parts of my phone is all of the notifications.  Now I am also getting them on something attached to my wrist?  Sounds like a nightmare.,strap,negative
38,"No problem, thank you for reading :) 

Yes I think it isnâ€™t there yet. Perhaps one running a meant-to-be-stand-alone OS (like a skinned Android) with a Bluetooth mini QWERTY keyboard would the issues Iâ€™ve highlighted. Sort of like a tiny blackberry with a wrist strap. At that point though I would glue one to the other and make a mini BB. But then you could just get a Jellyphone 2 at that point. 

One other consideration that popped up for me a few times is that itâ€™s your phone on your wrist. If you are going to a formal event, it really stands out and makes you look like a SpyKid. I think most smartwatches will, the displays look too 2D to fool anyone that itâ€™s not a â€˜realâ€™ watch (even with Always-On). I guess you could take off the straps and keep it in your pocket, but its so little and slippery it will end up flying into someoneâ€™s wine.",strap,negative
39,"Funny story, a Jelly 2 is what I actually use now ðŸ˜‚ now I just have to attach it to my wrist.",strap,negative
40,"Slap it on your wrist, and enjoy it. Youâ€™ll get the hang of it sooner  than later",strap,positive
41,Works better on your wrist.,strap,negative
42,"I donâ€™t do anything special with mine app wise but I like to control my music, make the occasional phone call and dress it up/down with a variety of straps and bumper cases I bought off of Amazon. I like my watch to have a little more rugged look and to be protected a bit from bumps. https://imgur.com/a/0qQwzQq",strap,positive
43,Bumper. I use Spigen on mine,strap,negative
44,Bumper case.,strap,negative
45,Wear it on your wrist,strap,negative
46,"Got myself as well, iPhone 13 Pro Max 256, Apple Watch Series 7 Stainless Steel 45mm, AirPod Pro. Really liking using the phone, battery backup is amazing, high refresh rate and the new processor/GPU feels like a breeze. Still learning the functionalities of the watch, but one thing Iâ€™ve noticed is that stainless steel strap has tiny bends when I take them off, it goes away when I try to straighten it out but Iâ€™m worried that it might break at those points. Anyone else facing such an issue?
Overall Iâ€™m quite satisfied with the purchases. Upgraded my phone after a long time.

https://i.imgur.com/mWSXnTZ.jpg",strap,positive
47,"Don't go crazy with the bands, it's easier than you think.",strap,positive
48,Do you have a link to any good watch straps? Been looking for some off Amazon but canâ€™t find any I like lmao,strap,positive
49,So do I. The wrist cuff of the glove covers it for the most part.,strap,negative
50,"I feel stupid, canâ€™t figure out how to copy a link from Amazon. I have Spigen, Adepoy, Elkson, and T-Engine off of Amazon. Leluxe straps I found on IG. There was a leather strap I had my eye on on IG but I canâ€™t find them anywhere and forgot their name. Thereâ€™s also companies on Etsy.",strap,negative
51,"Thanks man! And itâ€™s all good, I just looked them up lol. Really want a red watch strap as I think itâ€™ll look nice with my black watch",strap,positive
52,"Donâ€™t know if theyâ€™re any good but just ran across this while looking at IG https://www.instagram.com/wristwatchstraps.co/shop

https://www.instagram.com/primria/shop",strap,negative
53,Got mine with that exact same strap! Very happy with it.,strap,positive
54,"SE makes no sense. While S6 has AoD, oxygen measure, ECG, what can SE give to you? Just a functionality of mi band. Would never recommend.",strap,negative
55,Is that an aliexpress or original strap?,strap,negative
56,Anybody have any photos of different bracelets with the standard grey SE?,strap,negative
57,I have the same watch band and everything but mines like space grey or something,strap,positive
58,The Deep Navy Sports Loop!,strap,negative
59,">But so far, the only wrists bearing them belong to former members of high-school A/V clubs.

Zing! ",strap,negative
60,"His entire review is too little, too late.",strap,negative
61,"I think he tried focusing on things that made Apple Watch stand out in the smartwatch market - easily swappable wrist bands are a pro, but lack of custom watch faces is a con. All the features you mention are not really that different from other smartwatches. There really are not that many things to say about the watch that makes it stand out.",strap,negative
62,Looks like a white nike sport band donâ€™t see it on apples site. Anyone know where to find it?,strap,negative
63,"I went from an s4 space tray to s5 stainless with cellular.  Mainly because my work was already paying the 10 bucks for a cellular android tablet I didn't use.  

If you have a s4, I'd definitely stick with it, it's basically the same except AOD.",strap,negative
64,"And here I am, still rocking my S0",strap,negative
65,Imagine ruining your Apple Watch with that knockoff band,strap,negative
66,Dude look at his username. Heâ€™s just a twat,strap,negative
67,I'm beginning to think you're somehow mentally handicapped. How do you expect to use something that is strapped to your wrist without it occupying both hands? ,strap,negative
68,"I was right. You are retarded. But just in case you're serious...

He means that your left hand is occupied because the watch is strapped to your wrist. You know how you can text with one hand and drink coffee with the other? You can't do that with a smart watch because your left wrist is holding the watch while your right hand uses it. 

He doesn't mean that you have to take it off your wrist, dipshit. ",strap,positive
69,"Here is a text from The Verge article. Read it:

Patel says the Watch, unlike the iPhone, requires two hands to use. ""You simply canâ€™t one-hand the Apple Watchâ€¦because itâ€™s a tiny screen with a tiny control wheel strapped to your wrist, you have to use both hands to use it, and you have to actually look at it to make sure youâ€™re hitting the right parts of the screen. 

Have an iPhone plus fully paid upfront...and like to make smart purchase and not get suckered into it unfinished/buggy products. At the same time, thanks to all those suckers, Apple hopefully will have a refined product next year :)",strap,positive
70,It comes with the natural Titanium model along with whatever band you want.,strap,negative
71,"The modern buckle, link bracelet, and Milanese loop are only available as SS and no Ti variant exists from Apple.",strap,negative
72,I kept my SS S2 for 3 years and am thinking of doing the same for Titanium S5. It also comes with 2 bands and 2 years of ~~Apple Care~~ limited warranty by default vs 1 yr for aluminum - so deduct those from the sticker price and it becomes a little more bearable,strap,negative
73,"Iâ€™m also on a S0 and I honestly think this is the year.  Last year was the full redesign, and this year is a refinement of that with the always-on display.  I just have to scratch together the money because I really donâ€™t want to step down from the SS to the aluminum when all my bands have the SS lugs.",strap,positive
74,"So it's basically the same price as the Stainless Steel version, and you just have to buy an extra band for it?",strap,negative
75,Looks like [Walmart](https://www.walmart.com/ip/Apple-Watch-Series-4-GPS-44mm-Sport-Band-Aluminum-Case/485327148?selected=true&irgwc=1&sourceid=imp_VKx2W8VJ6xyJTJUwUx0Mo382Ukn0rLXlR12CWY0&veh=aff&wmlspartner=imp_221109&clickid=VKx2W8VJ6xyJTJUwUx0Mo382Ukn0rLXlR12CWY0) has it a little cheaper.,strap,negative
76,Walmart most recently,strap,negative
77,"Ahh nice, thank you. 

Where does the 2 straps reference come from? Canâ€™t see that anywhere on the edition info site or purchase pages.",strap,positive
78,"First time iWatch buyer (s5 sg Alu 44mm midnight blue sb strap) ...

Normally go Zagg Skins for new products, but I think $35 for a all protective case is absurd. I just can't afford that much after getting said watch right now. I want protection from day one, so.. What is a more affordable option for complete protection for my new investment?",strap,negative
79,I wonder if itâ€™s more or less blue than the charcoal braided solo loop. The bad has a light blue hue to it.,strap,negative
80,looks like it would go well with brown leather band,strap,positive
81,"You arenâ€™t. Colors are pretty IMO, but I canâ€™t make them work on an everyday basis. I gotta be able to wear this watch in a multitude of situations. I have a variety of bands that help me do this. I get offering colors in the workout aluminum option, but even still people want neutral options.",strap,positive
82,Theyâ€™re all the Midnight band matching the watch.,strap,negative
83,Yeah I went with a midnight S7 and now I canâ€™t wait to see it with my Nomad Modern Band in Rustic Brown. [This watch](https://i.imgur.com/bE1ojXv.jpg) is one of my favs in my collection and Space Gray Apple Watches could never recreate the look.,strap,negative
84,"41mm Nike Midnight with Nike Midnight/Mystic Sport Band 

I wanted to get regular 41mm Midnight with Deep Navy or Abyss Sport Loop but those band colors were sold out, so I went Nike

[Picture](https://imgur.com/a/y12gL0r)",strap,negative
85,I agree. The lighting can really change how it looks. For my bands it will work just fine.,strap,positive
86,"nomad leather band is one of the best out there, great choice mate",strap,positive
87,I need to get a light yellow brown band to match my blue suit / belt and shoe combo,strap,negative
88,"Yeah dude, the price difference is not worth it. I actually prefer the 6 for a few reasons: 1) color (space gray) to go with my expensive strap, 2) slightly smaller size (40), and 3) cost: 6 is already on sale for $50+ less at several retailers. Iâ€™m upgrading from the 3 so itâ€™s all a huge upgrade for me.",strap,negative
89,"I like the look of it, but haven't seen it in person. The Bullstraps are pretty nice.",strap,positive
90,"Appleâ€™s leather is just kinda weird in general, I have a leather link and also a 12 Mini case and while the strap is much better, neither comes even close to my â‚¬40 Hermes copy strap from Etsy lol.",strap,positive
91,Now that the Apple Watch is getting too much PR you can be sure google will launch a half-assed Pixel Wrist pretty soon. ,strap,positive
92,"His production values? âœ… Top notch.

His factual accuracy? .... notch. â™¿ï¸",strap,positive
93,"[*Boots up Doom 95*](https://www.myabandonware.com/media/screenshots/d/doom-ii-2pd/doom-ii_3.gif)

UVIndex: Yes",strap,negative
94,"TIL 5m subs is a small channel. You definitely do not NEED clickbait titles/thumbnails to get views (and therefore money). If Linus wants to do it, all the power to him, but to claim he is being ""forced"" to do it is just bs",strap,negative
95,"Got two from Inteny, but asking for an exchange, both of them slide out of my watch super easy, the lugs arenâ€™t secure. Hopefully the next set they send me are better...",strap,positive
96,Iâ€™m concerned about the inaccuracy of the heart rate monitor during hard workouts. Today it was 10-15BPM low at times. Is anyone using a chest strap instead? Are chest straps compatible?,strap,negative
97,"Yes, I have used a chest strap.  The heart rate monitoring does not go grey is more stable when using it.  I have not used it in a while but it has worked well when I have.",strap,positive
98,"Yes, I have used both a Wahoo Tickr and Polar H9 chest strap with the Apple watch. As soon it's connected via bluetooth, the heart rate readings are coming from the chest strap instead of the watch. You can confirm this by using the heart rate app. If you get an instant reading, it's coming from the strap and not the watch. Another way is to log a workout, go to the Health app, and under Heart Rate you'll find ""Show All Data"". Most workout apps will mention your chest strap as the source. Some apps just mention the app as a source, regardless of whether or not you're using a chest strap.",strap,negative
99,[Tappa tappa tappa](http://i.imgur.com/RmEEZdN.jpg),strap,negative
100,Good review. Iâ€™ve still got a few weeks to wait for Nike Watch but Iâ€™m getting the band Iâ€™ve wanted for two years so Iâ€™ll be patient. ,strap,negative
101,He carries an iPhone daily...,strap,negative
102,Nearly the same until you have to buy all new watch bands for your new piece ,strap,negative
103,"Nope, just the normal sports band ones, not the Nike branded ones",strap,negative
104,"Itâ€™s a birthday gift from my girlfriend. I own a HermÃ©s belt and some HermÃ©s colognes, so Iâ€™m a fan of their products and brand. Quality is unparalleled.",strap,positive
105,"Google and Samsung, we need you. Please, put WhereOS on the next galaxy watch and see how many people have computer bands on their wrist ",strap,negative
106,I agree with pretty much everything you wrote. To this day my [AW/link bracelet](https://i.imgur.com/WkzjNbQ.jpg) is one of my favorite Apple products Iâ€™ve owned and to top it off Apple sent me the link bracket for free.,strap,positive
107,This is literally a gear s3 lol wtf,strap,negative
108,"Yeah, the band attachment method put strain on the back casing. I feel like Moro was *so close* to something really great with the 360, and then they shat the bed. ",strap,positive
109,"Frequently misplace your wrists, do you?",strap,negative
110,Has anybody bought the Hermes double loop band?,strap,negative
111,You don't clean your wrist under your watchband ever? That's kind of gross. ,strap,negative
112,You should strap it to your wrist :) ,strap,negative
113,Chris platform using a Google product. It's closed to Google product is what I'm getting at. Google to Google. ,strap,negative
114,"If you think Wear OS is dead with app support, look at Samsung's Tizen...",strap,negative
115,Er no. 768MB ram is where the performance starts going up massively.,strap,negative
116,Samsung is running Android?,strap,negative
117,"SE, save your money and put the difference in a ROTH",strap,negative
118,And you get to choose the Nike bands at first purchase which I think are better (especially the sport loop),strap,negative
119,Anyone know what leather band that is? You can see him putting it on at :39 and itâ€™s featured in a few shots on the full Verge review a few times: https://www.theverge.com/2018/9/19/17875882/new-apple-watch-series-4-review-ekg-bands-screen-price,strap,negative
120,"Confirmed by the reviewer itâ€™s the mono wear classic band. 

https://twitter.com/backlon/status/1042388152642494466?s=21",strap,negative
121,S4 only,strap,negative
122,"This is my biggest concern. I really dislike the sport finishes, but Apple doesnâ€™t offer the SS versions where I live anymore because they are LTE only. Iâ€™m pretty pissed about it to be honest because the sports versions look a lot less good and itâ€™s also a pain in the ass with bands (for example all connectors are Stainless Steel so it doesnâ€™t look right).",strap,negative
123,"Nilay ""Wanky Bracelets"" Patel.",strap,negative
124,And the Nike Watch comes with the sport band and exclusive faces for the same price.,strap,negative
125,Mine was fine for 2mo as well.  It was installed as it should have been.  The manufacturer said you should check the band daily to make sure it's secure.  Seems like something you shouldn't have to do....,strap,positive
126,Downvoted. Sheesh. This is why WSJ and other tech publications put Apple in the worst light possible. That's their bread and butter ,strap,negative
127,I wish this watch could be bought without the [$449 band](http://store.apple.com/us/product/MJ5J2/42mm-link-bracelet).,strap,negative
128,"True, but it's easier to just undo a link then take both out, and I wouldn't want to risk damaging a $500 band ",strap,negative
129,"Unlock the clasp, and you can then maneuver both ends of the band out of the watch. There is enough wiggle room.

Source: my watch",strap,negative
130,"So you press the button on the back of the watch to release one side of the band. But donâ€™t take it out, just slide it over a for mm so it doesnâ€™t auto lock again. Then do it to the other side. Now both are unlocked and you take both out at the same time from the watch body. 

That is what he means. ",strap,negative
131,Be careful with this. I scratched my SB around the edges where the link band connects to the watch this way. I would strongly advise disconnecting the link first before removing the band so you don't suffer the same fate as I did! Just waiting for a bit more damage before claiming an accidental damage repair on AC+,strap,negative
132,"i bought lisbon in pink-white and two more bands two months ago, and so far iâ€™ve always been very satisfied with this brand. the bands were delivered in 7 days.",strap,negative
133,"I just ordered a leather band from lucid.  Liked the color and the quality of the leather.  Down side, broke after wearing for two days, thankful that I didn't lose my watch. . . emailed customer service . . . crickets . . . no response.  

Bottom line, they look good, but quality is poor, customer service is absent . . . don't waste your money.",strap,negative
134,How many wrists do you have??,strap,negative
135,Tie bicycle to top of Ferrari. Have someone else drive car. You pedal. Problem solved.,strap,negative
136,I would like a band option like what FitBit has. That would be worth investing in.,strap,positive
137,"Where is the new processor this year?  The bodies were already leaked and being sold on the streets in China (same as every other apple design).  Where are the 45mm bands that ""only fit the new watch body"". No one spends that much money on production unless it's gonna happen. The truth is something screwed up and they had to scrap it all in a panic to meet the deadline. Imagine the free fall Apple stock would  be in if it was announced that a watch design already in production with JIT parts orders were trashed. It's gonna come out. Mark my words. We will find out soon the other watch was supposed to be this year with a new processor and larger battery. Apple doesn't just have TSMC spend money making a new chip to toss it out. The new chip info was production info from TSMC. TSMC doesn't do stuff for free.",strap,negative
138,"""And now itâ€™s 70% brighter indoors when your wrist isÂ down.""

So no a noticeable change.",strap,negative
139,"Even worse, if you read it fully, it's

\>And now itâ€™s 70% brighter indoors when your wrist isÂ down.

So the brightness while looking at it is still the same. They just adjusted the idle brightness. I hate that Apple makes all these BS claims that sound good at a glance but are actually meaningless under scrutiny.",strap,negative
140,"> I'm currently testing a moto 360 and the AW sport at the same time and agree with MKBHD overall conclusions. Rigjt now smart watch technology is simply not there yet.

So, the back has cracked yet?

Hows that 205 dpi vs 326 dpi?

The leather band is any good for sports?

And that monster size? Isn't that ""almost too big""?

Etc. etc. etc...",strap,positive
141,I love this years red braided solo loop,strap,positive
